timestamp_utc,image_id,image_h,image_w,channels,kernel_type,kernel_size,run_count,warmup_count,mean_ms,median_ms,std_ms,min_ms,max_ms,throughput_mpix_s,rank,approximation_method,reconstruction_error
2026-04-18T02:05:20Z,sample_checkerboard,512,512,3,disk,15,10,3,0.5515712022781372,0.5619040131568909,0.01859971508383751,0.5220159888267517,0.5682880282402039,475.267742255714,0,exact_2d_cuda,0.0
2026-04-18T02:05:20Z,sample_checkerboard,512,512,3,diag_motion,15,10,3,0.5387232065200805,0.5362880229949951,0.005516447592526674,0.5340800285339355,0.5499839782714844,486.60239029489213,0,exact_2d_cuda,0.0
2026-04-18T02:05:21Z,sample_checkerboard,512,512,3,disk,31,10,3,2.13787841796875,2.1552480459213257,0.05582703277468681,1.9739840030670166,2.1695680618286133,122.61875969966026,0,exact_2d_cuda,0.0
2026-04-18T02:05:21Z,sample_checkerboard,512,512,3,diag_motion,31,10,3,2.1195616245269777,2.1111360788345337,0.020152583718299866,2.107072114944458,2.17142391204834,123.67840451843557,0,exact_2d_cuda,0.0
2026-04-18T02:05:21Z,sample_checkerboard,512,512,3,disk,63,10,3,8.796192073822022,8.782032012939453,0.06711023300886154,8.69865608215332,8.898303985595703,29.80198679155219,0,exact_2d_cuda,0.0
2026-04-18T02:05:21Z,sample_checkerboard,512,512,3,diag_motion,63,10,3,8.791612720489502,8.78667163848877,0.020455557852983475,8.765151977539062,8.824576377868652,29.81750997619061,0,exact_2d_cuda,0.0
2026-04-18T02:05:21Z,sample_checkerboard,1024,1024,3,disk,15,10,3,2.2645472049713136,2.2750719785690308,0.042798206210136414,2.1961920261383057,2.3129920959472656,463.0400274713121,0,exact_2d_cuda,0.0
2026-04-18T02:05:21Z,sample_checkerboard,1024,1024,3,diag_motion,15,10,3,2.195897603034973,2.2352160215377808,0.09729420393705368,2.008863925933838,2.2741119861602783,477.5158907914249,0,exact_2d_cuda,0.0
2026-04-18T02:05:21Z,sample_checkerboard,1024,1024,3,disk,31,10,3,8.902809619903564,8.880879878997803,0.08159168064594269,8.804096221923828,9.092960357666016,117.78034629155175,0,exact_2d_cuda,0.0
2026-04-18T02:05:22Z,sample_checkerboard,1024,1024,3,diag_motion,31,10,3,8.851737594604492,8.840991973876953,0.13986462354660034,8.60540771484375,9.109375953674316,118.45990561662732,0,exact_2d_cuda,0.0
2026-04-18T02:05:22Z,sample_checkerboard,1024,1024,3,disk,63,10,3,35.88034858703613,35.88742446899414,0.16941802203655243,35.47840118408203,36.05372619628906,29.22424227447052,0,exact_2d_cuda,0.0
2026-04-18T02:05:23Z,sample_checkerboard,1024,1024,3,diag_motion,63,10,3,38.08821105957031,37.474143981933594,1.863438367843628,36.172672271728516,42.40367889404297,27.53019821172534,0,exact_2d_cuda,0.0
2026-04-18T02:05:23Z,sample_checkerboard,2048,2048,3,disk,15,10,3,9.534819221496582,9.717808246612549,0.37761732935905457,8.970111846923828,9.951071739196777,439.89339520394844,0,exact_2d_cuda,0.0
2026-04-18T02:05:24Z,sample_checkerboard,2048,2048,3,diag_motion,15,10,3,9.512070369720458,9.54150390625,0.34461283683776855,9.035967826843262,9.901856422424316,440.9454342717675,0,exact_2d_cuda,0.0
2026-04-18T02:05:25Z,sample_checkerboard,2048,2048,3,disk,31,10,3,36.95126113891602,37.32270431518555,0.7142111659049988,35.758880615234375,37.57872009277344,113.50908929012651,0,exact_2d_cuda,0.0
2026-04-18T02:05:26Z,sample_checkerboard,2048,2048,3,diag_motion,31,10,3,36.283206176757815,36.04879951477051,0.5881295204162598,35.6360969543457,37.23759841918945,115.59904545279062,0,exact_2d_cuda,0.0
2026-04-18T02:05:28Z,sample_checkerboard,2048,2048,3,disk,63,10,3,158.59073028564453,155.53992462158203,8.553504943847656,150.77781677246094,176.83453369140625,26.44734652804398,0,exact_2d_cuda,0.0
2026-04-18T02:05:31Z,sample_checkerboard,2048,2048,3,diag_motion,63,10,3,156.1550521850586,156.36618041992188,1.986842393875122,151.99221801757812,158.9073028564453,26.859867428620564,0,exact_2d_cuda,0.0
2026-04-18T02:05:31Z,sample_gradient,512,512,3,disk,15,10,3,1.696787214279175,2.0048320293426514,0.473316490650177,0.9316800236701965,2.0069119930267334,154.49432774713793,0,exact_2d_cuda,0.0
2026-04-18T02:05:31Z,sample_gradient,512,512,3,diag_motion,15,10,3,0.6890656113624573,0.6377280056476593,0.15721702575683594,0.6285439729690552,1.1606080532073975,380.4340191664403,0,exact_2d_cuda,0.0
2026-04-18T02:05:31Z,sample_gradient,512,512,3,disk,31,10,3,2.4109504222869873,2.379024028778076,0.19831007719039917,2.278143882751465,2.989664077758789,108.73056433542692,0,exact_2d_cuda,0.0
2026-04-18T02:05:31Z,sample_gradient,512,512,3,diag_motion,31,10,3,2.4707839727401733,2.419487953186035,0.10829878598451614,2.294559955596924,2.5997118949890137,106.09749896882909,0,exact_2d_cuda,0.0
2026-04-18T02:05:31Z,sample_gradient,512,512,3,disk,63,10,3,9.233363246917724,9.187104225158691,0.1886841356754303,9.000703811645508,9.510720252990723,28.39095495214149,0,exact_2d_cuda,0.0
2026-04-18T02:05:31Z,sample_gradient,512,512,3,diag_motion,63,10,3,9.12085132598877,8.985408306121826,0.21321813762187958,8.968031883239746,9.633472442626953,28.74117674224687,0,exact_2d_cuda,0.0
2026-04-18T02:05:31Z,sample_gradient,1024,1024,3,disk,15,10,3,3.009120011329651,2.5956640243530273,0.7426936030387878,2.5320959091186523,4.519680023193359,348.4659953913443,0,exact_2d_cuda,0.0
2026-04-18T02:05:32Z,sample_gradient,1024,1024,3,diag_motion,15,10,3,2.581939196586609,2.5444639921188354,0.0973205640912056,2.5177600383758545,2.8475520610809326,406.11955594703574,0,exact_2d_cuda,0.0
2026-04-18T02:05:32Z,sample_gradient,1024,1024,3,disk,31,10,3,9.675292873382569,9.605999946594238,0.1883838176727295,9.41859245300293,10.06982421875,108.37666763398022,0,exact_2d_cuda,0.0
2026-04-18T02:05:32Z,sample_gradient,1024,1024,3,diag_motion,31,10,3,9.527846336364746,9.439295768737793,0.2507500648498535,9.254688262939453,10.122143745422363,110.05383199747043,0,exact_2d_cuda,0.0
2026-04-18T02:05:33Z,sample_gradient,1024,1024,3,disk,63,10,3,37.24951400756836,37.2313289642334,0.4845842123031616,36.627105712890625,38.176414489746094,28.150058542695355,0,exact_2d_cuda,0.0
2026-04-18T02:05:33Z,sample_gradient,1024,1024,3,diag_motion,63,10,3,37.225674057006835,37.101871490478516,0.2955826222896576,36.94768142700195,37.92367935180664,28.168086315756874,0,exact_2d_cuda,0.0
2026-04-18T02:05:34Z,sample_gradient,2048,2048,3,disk,15,10,3,11.168156814575195,11.220975875854492,0.213649719953537,10.824640274047852,11.418496131896973,375.55919652973995,0,exact_2d_cuda,0.0
2026-04-18T02:05:34Z,sample_gradient,2048,2048,3,diag_motion,15,10,3,11.311619281768799,11.358528137207031,0.22651982307434082,10.963839530944824,11.646976470947266,370.79607220869406,0,exact_2d_cuda,0.0
2026-04-18T02:05:35Z,sample_gradient,2048,2048,3,disk,31,10,3,41.443776321411136,41.756591796875,0.8508628606796265,40.19596862792969,42.32793426513672,101.20467709003373,0,exact_2d_cuda,0.0
2026-04-18T02:05:36Z,sample_gradient,2048,2048,3,diag_motion,31,10,3,41.395273971557614,41.1286563873291,1.078992247581482,39.853023529052734,43.220001220703125,101.32325740570953,0,exact_2d_cuda,0.0
2026-04-18T02:05:39Z,sample_gradient,2048,2048,3,disk,63,10,3,159.48460235595704,158.79265594482422,3.1406052112579346,155.55471801757812,167.0325469970703,26.299115639004725,0,exact_2d_cuda,0.0
2026-04-18T02:05:42Z,sample_gradient,2048,2048,3,diag_motion,63,10,3,159.68205718994142,157.92361450195312,3.435588836669922,156.70262145996094,167.63693237304688,26.266595469839704,0,exact_2d_cuda,0.0
2026-04-18T02:05:42Z,sample_motion,512,512,3,disk,15,10,3,1.0799296021461486,1.207152009010315,0.19997963309288025,0.7718719840049744,1.2245440483093262,242.74174860939095,0,exact_2d_cuda,0.0
2026-04-18T02:05:42Z,sample_motion,512,512,3,diag_motion,15,10,3,0.6971072018146515,0.6970880031585693,0.002608594484627247,0.6920639872550964,0.7002559900283813,376.04546233005277,0,exact_2d_cuda,0.0
2026-04-18T02:05:42Z,sample_motion,512,512,3,disk,31,10,3,2.1799807786941527,2.189087986946106,0.019680775701999664,2.1492159366607666,2.2105278968811035,120.25060154751864,0,exact_2d_cuda,0.0
2026-04-18T02:05:42Z,sample_motion,512,512,3,diag_motion,31,10,3,3.3035072326660155,2.3703200817108154,2.7767586708068848,2.3611838817596436,11.633600234985352,79.35323931119201,0,exact_2d_cuda,0.0
2026-04-18T02:05:42Z,sample_motion,512,512,3,disk,63,10,3,9.123407936096191,9.052351951599121,0.16490642726421356,8.976160049438477,9.526047706604004,28.73312273617008,0,exact_2d_cuda,0.0
2026-04-18T02:05:42Z,sample_motion,512,512,3,diag_motion,63,10,3,8.981801414489746,8.977695941925049,0.12277613580226898,8.83471965789795,9.248479843139648,29.18612735938477,0,exact_2d_cuda,0.0
2026-04-18T02:05:42Z,sample_motion,1024,1024,3,disk,15,10,3,3.09443838596344,2.7317919731140137,0.9052205681800842,2.5720319747924805,5.672800064086914,338.85825769109,0,exact_2d_cuda,0.0
2026-04-18T02:05:42Z,sample_motion,1024,1024,3,diag_motion,15,10,3,2.541545557975769,2.517791986465454,0.12316151708364487,2.4195199012756348,2.781951904296875,412.5741506814245,0,exact_2d_cuda,0.0
2026-04-18T02:05:43Z,sample_motion,1024,1024,3,disk,31,10,3,9.924652862548829,9.883296012878418,0.13303883373737335,9.761664390563965,10.261216163635254,105.65367016078253,0,exact_2d_cuda,0.0
2026-04-18T02:05:43Z,sample_motion,1024,1024,3,diag_motion,31,10,3,9.327491283416748,9.310480117797852,0.17712736129760742,9.117600440979004,9.578304290771484,112.41779468229068,0,exact_2d_cuda,0.0
2026-04-18T02:05:44Z,sample_motion,1024,1024,3,disk,63,10,3,37.59613800048828,37.17620849609375,1.0326577425003052,36.84844970703125,40.26665496826172,27.890524286999412,0,exact_2d_cuda,0.0
2026-04-18T02:05:44Z,sample_motion,1024,1024,3,diag_motion,63,10,3,36.94093132019043,36.873008728027344,0.161404088139534,36.77171325683594,37.297950744628906,28.385207479241064,0,exact_2d_cuda,0.0
2026-04-18T02:05:45Z,sample_motion,2048,2048,3,disk,15,10,3,11.359590435028077,11.414448261260986,0.2284906506538391,10.750847816467285,11.588479995727539,369.2302133593281,0,exact_2d_cuda,0.0
2026-04-18T02:05:45Z,sample_motion,2048,2048,3,diag_motion,15,10,3,11.372495937347413,11.334159851074219,0.16098342835903168,11.10086441040039,11.635711669921875,368.8112111102942,0,exact_2d_cuda,0.0
2026-04-18T02:05:46Z,sample_motion,2048,2048,3,disk,31,10,3,42.13779182434082,41.96955108642578,0.8439388275146484,41.044864654541016,43.77276611328125,99.53782147590294,0,exact_2d_cuda,0.0
2026-04-18T02:05:47Z,sample_motion,2048,2048,3,diag_motion,31,10,3,40.93422355651855,41.03499221801758,0.6017574667930603,40.128353118896484,42.1539192199707,102.46448168752623,0,exact_2d_cuda,0.0
2026-04-18T02:05:50Z,sample_motion,2048,2048,3,disk,63,10,3,160.39008178710938,158.3697280883789,5.76324462890625,155.4165802001953,175.08335876464844,26.150644436775256,0,exact_2d_cuda,0.0
2026-04-18T02:05:52Z,sample_motion,2048,2048,3,diag_motion,63,10,3,158.46400451660156,156.79212951660156,4.244909763336182,152.57571411132812,167.00936889648438,26.46849682232145,0,exact_2d_cuda,0.0
